{
  "ASC_accept": -1.19127328,
  "B_Next_vs_standard_increase": 0.72004151,
  "B_Same_vs_standard_increase": -0.44572085,
  "B_Delivery_fee_small": 0.04940382,
  "B_Delivery_fee_Medium": 0.18272886,
  "B_Diesel_van": -0.02887595,
  "B_Micro_hub_with_bike": 0.49458349,
  "B_Off_peak": 0.7517985,
  "B_Insurance": 0.32795735,
  "B_Tracking": 0.61604543,
  "B_Redelivery": 0.13593273,
  "B_Signature": 0.34534252
}